股號,股名,產業別
0050,元大台灣50,未知
0051,元大中型100,未知
0052,富邦科技,未知
0053,元大電子,未知
0055,元大MSCI金融,未知
0056,元大高股息,未知
0057,富邦摩台,未知
0061,元大寶滬深,未知
006203,元大MSCI台灣,未知
006204,永豐臺灣加權,未知
006205,富邦上証,未知
006206,元大上證50,未知
006207,復華滬深,未知
006208,富邦台50,未知
00625K,富邦上証+R,未知
00631L,元大台灣50正2,未知
00632R,元大台灣50反1,未知
00633L,富邦上証正2,未知
00634R,富邦上証反1,未知
00635U,期元大S&P黃金,未知
00636,國泰中國A50,未知
00636K,國泰中國A50+U,未知
00637L,元大滬深300正2,未知
00638R,元大滬深300反1,未知
00639,富邦深100,未知
00640L,富邦日本正2,未知
00641R,富邦日本反1,未知
00642U,期元大S&P石油,未知
00643,群益深証中小,未知
00643K,群益深証中小+R,未知
00645,富邦日本,未知
00646,元大S&P500,未知
00647L,元大S&P500正2,未知
00648R,元大S&P500反1,未知
00650L,復華香港正2,未知
00651R,復華香港反1,未知
00652,富邦印度,未知
00653L,富邦印度正2,未知
00654R,富邦印度反1,未知
00655L,國泰中國A50正2,未知
00656R,國泰中國A50反1,未知
00657,國泰日經225,未知
00657K,國泰日經225+U,未知
00660,元大歐洲50,未知
00661,元大日經225,未知
00662,富邦NASDAQ,未知
00663L,國泰臺灣加權正2,未知
00664R,國泰臺灣加權反1,未知
00665L,富邦恒生國企正2,未知
00666R,富邦恒生國企反1,未知
00668,國泰美國道瓊,未知
00668K,國泰美國道瓊+U,未知
00669R,國泰美國道瓊反1,未知
00670L,富邦NASDAQ正2,未知
00671R,富邦NASDAQ反1,未知
00673R,期元大S&P原油反1,未知
00674R,期元大S&P黃金反1,未知
00675L,富邦臺灣加權正2,未知
00676R,富邦臺灣加權反1,未知
00678,群益那斯達克生技,未知
00680L,元大美債20正2,未知
00681R,元大美債20反1,未知
00682U,期元大美元指數,未知
00683L,期元大美元指正2,未知
00684R,期元大美元指反1,未知
00685L,群益臺灣加權正2,未知
00686R,群益臺灣加權反1,未知
00688L,國泰20年美債正2,未知
00689R,國泰20年美債反1,未知
00690,兆豐藍籌30,未知
00692,富邦公司治理,未知
00693U,期街口S&P黃豆,未知
00700,富邦恒生國企,未知
00701,國泰股利精選30,未知
00702,國泰標普低波高息,未知
00703,台新MSCI中國,未知
00706L,期元大S&P日圓正2,未知
00707R,期元大S&P日圓反1,未知
00708L,期元大S&P黃金正2,未知
00709,富邦歐洲,未知
00710B,復華彭博非投等債,未知
00711B,復華彭博新興債,未知
00712,復華富時不動產,未知
00713,元大台灣高息低波,未知
00714,群益道瓊美國地產,未知
00715L,期街口布蘭特正2,未知
00717,富邦美國特別股,未知
00728,第一金工業30,未知
00730,富邦臺灣優質高息,未知
00731,復華富時高息低波,未知
00733,富邦臺灣中小,未知
00735,國泰臺韓科技,未知
00736,國泰新興市場,未知
00737,國泰AI+Robo,未知
00738U,期元大道瓊白銀,未知
00739,元大MSCI A股,未知
00752,中信中國50,未知
00753L,中信中國50正2,未知
00757,統一FANG+,未知
00762,元大全球AI,未知
00763U,期街口道瓊銅,未知
00770,國泰北美科技,未知
00771,元大US高息特別股,未知
00775B,新光投等債15+,未知
00783,富邦中証500,未知
00830,國泰費城半導體,未知
00850,元大臺灣ESG永續,未知
00851,台新全球AI,未知
00852L,國泰美國道瓊正2,未知
00861,元大全球未來通訊,未知
00865B,國泰US短期公債,未知
00875,國泰網路資安,未知
00876,元大全球5G,未知
00878,國泰永續高股息,未知
00881,國泰台灣5G+,未知
00882,中信中國高股息,未知
00885,富邦越南,未知
00891,中信關鍵半導體,未知
00892,富邦台灣半導體,未知
00893,國泰智能電動車,未知
00894,中信小資高價30,未知
00895,富邦未來車,未知
00896,中信綠能及電動車,未知
00897,富邦基因免疫生技,未知
00898,國泰基因免疫革命,未知
00899,FT潔淨能源,未知
00900,富邦特選高股息30,未知
00901,永豐智能車供應鏈,未知
00902,中信電池及儲能,未知
00903,富邦元宇宙,未知
00904,新光臺灣半導體30,未知
00905,FT臺灣Smart,未知
00907,永豐優息存股,未知
00908,富邦入息REITs+,未知
00909,國泰數位支付服務,未知
00910,第一金太空衛星,未知
00911,兆豐洲際半導體,未知
00912,中信臺灣智慧50,未知
00913,兆豐台灣晶圓製造,未知
00915,凱基優選高股息30,未知
00916,國泰全球品牌50,未知
00917,中信特選金融,未知
00918,大華優利高填息30,未知
00919,群益台灣精選高息,未知
00920,富邦ESG綠色電力,未知
00921,兆豐龍頭等權重,未知
00922,國泰台灣領袖50,未知
00923,群益台ESG低碳50,未知
00924,復華S&P500成長,未知
00925,新光標普電動車,未知
00926,凱基全球菁英55,未知
00927,群益半導體收益,未知
00929,復華台灣科技優息,未知
00930,永豐ESG低碳高息,未知
00932,兆豐永續高息等權,未知
00934,中信成長高股息,未知
00935,野村臺灣新科技50,未知
00936,台新永續高息中小,未知
00938,凱基優選30,未知
00939,統一台灣高息動能,未知
00940,元大台灣價值高息,未知
00941,中信上游半導體,未知
00943,兆豐電子高息等權,未知
00944,野村趨勢動能高息,未知
00945B,凱基美國非投等債,未知
00946,群益科技高息成長,未知
00947,台新臺灣IC設計,未知
00949,復華日本龍頭,未知
00951,台新日本半導體,未知
00952,凱基台灣AI50,未知
00953B,群益優選非投等債,未知
00954,中信日本半導體,未知
00956,中信日經高股息,未知
00960,野村全球航運龍頭,未知
00961,FT臺灣永續高息,未知
00962,台新AI優息動能,未知
00963,中信全球高股息,未知
00964,中信亞太高股息,未知
00965,元大航太防衛科技,未知
00971,野村美國研發龍頭,未知
00972,野村日本動能高息,未知
009800,中信NASDAQ,未知
009801,中信美國創新科技,未知
01001T,土銀富邦R1,未知
01002T,土銀國泰R1,未知
01004T,土銀富邦R2,未知
01007T,兆豐國泰R2,未知
01009T,王道圓滿R1,未知
01010T,京城樂富R1,未知
020000,富邦特選蘋果N,未知
020011,統一微波高息20N,未知
020012,富邦行動通訊N,未知
020015,統一MSCI美低波N,未知
020016,統一MSCI美科技N,未知
020018,統一價值成長30N,未知
020019,統一特選台灣5GN,未知
02001L,富邦蘋果正二N,未知
02001R,富邦蘋果反一N,未知
02001S,策元大加權策略N,未知
020020,元大台股領航N,未知
020028,元大特選電動車N,未知
020029,元大ESG高股息N,未知
020030,統一智慧電動車N,未知
020031,統一IC設計臺灣N,未知
020032,元大綠能N,未知
020034,元大IC設計N,未知
020036,元大金融配息N,未知
020037,元大金融高股息N,未知
020038,元大ESG配息N,未知
020039,元大加權N,未知
1101,台泥,未知
1101B,台泥乙特,未知
1102,亞泥,未知
1103,嘉泥,未知
1104,環泥,未知
1108,幸福,未知
1109,信大,未知
1110,東泥,未知
1201,味全,未知
1203,味王,未知
1210,大成,未知
1213,大飲,未知
1215,卜蜂,未知
1216,統一,未知
1217,愛之味,未知
1218,泰山,未知
1219,福壽,未知
1220,台榮,未知
1225,福懋油,未知
1227,佳格,未知
1229,聯華,未知
1231,聯華食,未知
1232,大統益,未知
1233,天仁,未知
1234,黑松,未知
1235,興泰,未知
1236,宏亞,未知
1256,鮮活果汁-KY,未知
1301,台塑,未知
1303,南亞,未知
1304,台聚,未知
1305,華夏,未知
1307,三芳,未知
1308,亞聚,未知
1309,台達化,未知
1310,台苯,未知
1312,國喬,未知
1312A,國喬特,未知
1313,聯成,未知
1314,中石化,未知
1315,達新,未知
1316,上曜,未知
1319,東陽,未知
1321,大洋,未知
1323,永裕,未知
1324,地球,未知
1325,恆大,未知
1326,台化,未知
1337,再生-KY,未知
1338,廣華-KY,未知
1339,昭輝,未知
1340,勝悅-KY,未知
1341,富林-KY,未知
1342,八貫,未知
1402,遠東新,未知
1409,新纖,未知
1410,南染,未知
1413,宏洲,未知
1414,東和,未知
1416,廣豐,未知
1417,嘉裕,未知
1418,東華,未知
1419,新紡,未知
1423,利華,未知
1432,大魯閣,未知
1434,福懋,未知
1435,中福,未知
1436,華友聯,未知
1437,勤益控,未知
1438,三地開發,未知
1439,雋揚,未知
1440,南紡,未知
1441,大東,未知
1442,名軒,未知
1443,立益物流,未知
1444,力麗,未知
1445,大宇,未知
1446,宏和,未知
1447,力鵬,未知
1449,佳和,未知
1451,年興,未知
1452,宏益,未知
1453,大將,未知
1454,台富,未知
1455,集盛,未知
1456,怡華,未知
1457,宜進,未知
1459,聯發,未知
1460,宏遠,未知
1463,強盛新,未知
1464,得力,未知
1465,偉全,未知
1466,聚隆,未知
1467,南緯,未知
1468,昶和,未知
1470,大統新創,未知
1471,首利,未知
1472,三洋實業,未知
1473,台南,未知
1474,弘裕,未知
1475,業旺,未知
1476,儒鴻,未知
1477,聚陽,未知
1503,士電,未知
1504,東元,未知
1506,正道,未知
1512,瑞利,未知
1513,中興電,未知
1514,亞力,未知
1515,力山,未知
1516,川飛,未知
1517,利奇,未知
1519,華城,未知
1521,大億,未知
1522,堤維西,未知
1522A,堤維西甲特,未知
1524,耿鼎,未知
1525,江申,未知
1526,日馳,未知
1527,鑽全,未知
1528,恩德,未知
1529,樂事綠能,未知
1530,亞崴,未知
1531,高林股,未知
1532,勤美,未知
1533,車王電,未知
1535,中宇,未知
1536,和大,未知
1537,廣隆,未知
1538,正峰,未知
1539,巨庭,未知
1540,喬福,未知
1541,錩泰,未知
1558,伸興,未知
1560,中砂,未知
1563,巧新,未知
1568,倉佑,未知
1582,信錦,未知
1583,程泰,未知
1587,吉茂,未知
1589,永冠-KY,未知
1590,亞德客-KY,未知
1597,直得,未知
1598,岱宇,未知
1603,華電,未知
1604,聲寶,未知
1605,華新,未知
1608,華榮,未知
1609,大亞,未知
1611,中電,未知
1612,宏泰,未知
1614,三洋電,未知
1615,大山,未知
1616,億泰,未知
1617,榮星,未知
1618,合機,未知
1626,艾美特-KY,未知
1702,南僑,未知
1707,葡萄王,未知
1708,東鹼,未知
1709,和益,未知
1710,東聯,未知
1711,永光,未知
1712,興農,未知
1713,國化,未知
1714,和桐,未知
1717,長興,未知
1718,中纖,未知
1720,生達,未知
1721,三晃,未知
1722,台肥,未知
1723,中碳,未知
1725,元禎,未知
1726,永記,未知
1727,中華化,未知
1730,花仙子,未知
1731,美吾華,未知
1732,毛寶,未知
1733,五鼎,未知
1734,杏輝,未知
1735,日勝化,未知
1736,喬山,未知
1737,臺鹽,未知
1752,南光,未知
1760,寶齡富錦,未知
1762,中化生,未知
1773,勝一,未知
1776,展宇,未知
1783,和康生,未知
1786,科妍,未知
1789,神隆,未知
1795,美時,未知
1802,台玻,未知
1805,寶徠,未知
1806,冠軍,未知
1808,潤隆,未知
1809,中釉,未知
1810,和成,未知
1817,凱撒衛,未知
1903,士紙,未知
1904,正隆,未知
1905,華紙,未知
1906,寶隆,未知
1907,永豐餘,未知
1909,榮成,未知
2002,中鋼,未知
2002A,中鋼特,未知
2006,東和鋼鐵,未知
2007,燁興,未知
2008,高興昌,未知
2009,第一銅,未知
2010,春源,未知
2012,春雨,未知
2013,中鋼構,未知
2014,中鴻,未知
2015,豐興,未知
2017,官田鋼,未知
2020,美亞,未知
2022,聚亨,未知
2023,燁輝,未知
2024,志聯,未知
2025,千興,未知
2027,大成鋼,未知
2028,威致,未知
2029,盛餘,未知
2030,彰源,未知
2031,新光鋼,未知
2032,新鋼,未知
2033,佳大,未知
2034,允強,未知
2038,海光,未知
2049,上銀,未知
2059,川湖,未知
2062,橋椿,未知
2069,運錩,未知
2101,南港,未知
2102,泰豐,未知
2103,台橡,未知
2104,國際中橡,未知
2105,正新,未知
2106,建大,未知
2107,厚生,未知
2108,南帝,未知
2109,華豐,未知
2114,鑫永銓,未知
2115,六暉-KY,未知
2201,裕隆,未知
2204,中華,未知
2206,三陽工業,未知
2207,和泰車,未知
2208,台船,未知
2211,長榮鋼,未知
2227,裕日車,未知
2228,劍麟,未知
2231,為升,未知
2233,宇隆,未知
2236,百達-KY,未知
2239,英利-KY,未知
2241,艾姆勒,未知
2243,宏旭-KY,未知
2247,汎德永業,未知
2250,IKKA-KY,未知
2254,巨鎧精密-創,未知
2258,鴻華先進-創,未知
2301,光寶科,未知
2302,麗正,未知
2303,聯電,未知
2305,全友,未知
2308,台達電,未知
2312,金寶,未知
2313,華通,未知
2314,台揚,未知
2316,楠梓電,未知
2317,鴻海,未知
2321,東訊,未知
2323,中環,未知
2324,仁寶,未知
2327,國巨,未知
2328,廣宇,未知
2329,華泰,未知
2330,台積電,未知
2331,精英,未知
2332,友訊,未知
2337,旺宏,未知
2338,光罩,未知
2340,台亞,未知
2342,茂矽,未知
2344,華邦電,未知
2345,智邦,未知
2347,聯強,未知
2348,海悅,未知
2348A,海悅甲特,未知
2349,錸德,未知
2351,順德,未知
2352,佳世達,未知
2353,宏碁,未知
2354,鴻準,未知
2355,敬鵬,未知
2356,英業達,未知
2357,華碩,未知
2359,所羅門,未知
2360,致茂,未知
2362,藍天,未知
2363,矽統,未知
2364,倫飛,未知
2365,昆盈,未知
2367,燿華,未知
2368,金像電,未知
2369,菱生,未知
2371,大同,未知
2373,震旦行,未知
2374,佳能,未知
2375,凱美,未知
2376,技嘉,未知
2377,微星,未知
2379,瑞昱,未知
2380,虹光,未知
2382,廣達,未知
2383,台光電,未知
2385,群光,未知
2387,精元,未知
2388,威盛,未知
2390,云辰,未知
2392,正崴,未知
2393,億光,未知
2395,研華,未知
2397,友通,未知
2399,映泰,未知
2401,凌陽,未知
2402,毅嘉,未知
2404,漢唐,未知
2405,輔信,未知
2406,國碩,未知
2408,南亞科,未知
2409,友達,未知
2412,中華電,未知
2413,環科,未知
2414,精技,未知
2415,錩新,未知
2417,圓剛,未知
2419,仲琦,未知
2420,新巨,未知
2421,建準,未知
2423,固緯,未知
2424,隴華,未知
2425,承啟,未知
2426,鼎元,未知
2427,三商電,未知
2428,興勤,未知
2429,銘旺科,未知
2430,燦坤,未知
2431,聯昌,未知
2432,倚天酷碁-創,未知
2433,互盛電,未知
2434,統懋,未知
2436,偉詮電,未知
2438,翔耀,未知
2439,美律,未知
2440,太空梭,未知
2441,超豐,未知
2442,新美齊,未知
2444,兆勁,未知
2449,京元電子,未知
2450,神腦,未知
2451,創見,未知
2453,凌群,未知
2454,聯發科,未知
2455,全新,未知
2457,飛宏,未知
2458,義隆,未知
2459,敦吉,未知
2460,建通,未知
2461,光群雷,未知
2462,良得電,未知
2464,盟立,未知
2465,麗臺,未知
2466,冠西電,未知
2467,志聖,未知
2468,華經,未知
2471,資通,未知
2472,立隆電,未知
2474,可成,未知
2476,鉅祥,未知
2477,美隆電,未知
2478,大毅,未知
2480,敦陽科,未知
2481,強茂,未知
2482,連宇,未知
2483,百容,未知
2484,希華,未知
2485,兆赫,未知
2486,一詮,未知
2488,漢平,未知
2489,瑞軒,未知
2491,吉祥全,未知
2492,華新科,未知
2493,揚博,未知
2495,普安,未知
2496,卓越,未知
2497,怡利電,未知
2498,宏達電,未知
2501,國建,未知
2504,國產,未知
2505,國揚,未知
2506,太設,未知
2509,全坤建,未知
2511,太子,未知
2514,龍邦,未知
2515,中工,未知
2516,新建,未知
2520,冠德,未知
2524,京城,未知
2527,宏璟,未知
2528,皇普,未知
2530,華建,未知
2534,宏盛,未知
2535,達欣工,未知
2536,宏普,未知
2537,聯上發,未知
2538,基泰,未知
2539,櫻花建,未知
2540,愛山林,未知
2542,興富發,未知
2543,皇昌,未知
2545,皇翔,未知
2546,根基,未知
2547,日勝生,未知
2548,華固,未知
2597,潤弘,未知
2601,益航,未知
2603,長榮,未知
2605,新興,未知
2606,裕民,未知
2607,榮運,未知
2608,嘉里大榮,未知
2609,陽明,未知
2610,華航,未知
2611,志信,未知
2612,中航,未知
2613,中櫃,未知
2614,東森,未知
2615,萬海,未知
2616,山隆,未知
2617,台航,未知
2618,長榮航,未知
2630,亞航,未知
2633,台灣高鐵,未知
2634,漢翔,未知
2636,台驊控股,未知
2637,慧洋-KY,未知
2642,宅配通,未知
2645,長榮航太,未知
2646,星宇航空,未知
2701,萬企,未知
2702,華園,未知
2704,國賓,未知
2705,六福,未知
2706,第一店,未知
2707,晶華,未知
2712,遠雄來,未知
2722,夏都,未知
2723,美食-KY,未知
2727,王品,未知
2731,雄獅,未知
2739,寒舍,未知
2748,雲品,未知
2753,八方雲集,未知
2762,世界健身-KY,未知
2801,彰銀,未知
2809,京城銀,未知
2812,台中銀,未知
2816,旺旺保,未知
2820,華票,未知
2832,台產,未知
2834,臺企銀,未知
2836,高雄銀,未知
2836A,高雄銀甲特,未知
2838,聯邦銀,未知
2838A,聯邦銀甲特,未知
2845,遠東銀,未知
2849,安泰銀,未知
2850,新產,未知
2851,中再保,未知
2852,第一保,未知
2855,統一證,未知
2867,三商壽,未知
2880,華南金,未知
2881,富邦金,未知
2881A,富邦特,未知
2881B,富邦金乙特,未知
2881C,富邦金丙特,未知
2882,國泰金,未知
2882A,國泰特,未知
2882B,國泰金乙特,未知
2883,凱基金,未知
2883B,凱基金乙特,未知
2884,玉山金,未知
2885,元大金,未知
2886,兆豐金,未知
2887,台新金,未知
2887E,台新戊特,未知
2887F,台新戊特二,未知
2887Z1,台新己特,未知
2888,新光金,未知
2888A,新光金甲特,未知
2888B,新光金乙特,未知
2889,國票金,未知
2890,永豐金,未知
2891,中信金,未知
2891B,中信金乙特,未知
2891C,中信金丙特,未知
2892,第一金,未知
2897,王道銀行,未知
2897B,王道銀乙特,未知
2901,欣欣,未知
2903,遠百,未知
2904,匯僑,未知
2905,三商,未知
2906,高林,未知
2908,特力,未知
2910,統領,未知
2911,麗嬰房,未知
2912,統一超,未知
2913,農林,未知
2915,潤泰全,未知
2923,鼎固-KY,未知
2929,淘帝-KY,未知
2939,永邑-KY,未知
2945,三商家購,未知
3002,歐格,未知
3003,健和興,未知
3004,豐達科,未知
3005,神基,未知
3006,晶豪科,未知
3008,大立光,未知
3010,華立,未知
3011,今皓,未知
3013,晟銘電,未知
3014,聯陽,未知
3015,全漢,未知
3016,嘉晶,未知
3017,奇鋐,未知
3018,隆銘綠能,未知
3019,亞光,未知
3021,鴻名,未知
3022,威強電,未知
3023,信邦,未知
3024,憶聲,未知
3025,星通,未知
3026,禾伸堂,未知
3027,盛達,未知
3028,增你強,未知
3029,零壹,未知
3030,德律,未知
3031,佰鴻,未知
3032,偉訓,未知
3033,威健,未知
3034,聯詠,未知
3035,智原,未知
3036,文曄,未知
3036A,文曄甲特,未知
3037,欣興,未知
3038,全台,未知
3040,遠見,未知
3041,揚智,未知
3042,晶技,未知
3043,科風,未知
3044,健鼎,未知
3045,台灣大,未知
3046,建碁,未知
3047,訊舟,未知
3048,益登,未知
3049,精金,未知
3050,鈺德,未知
3051,力特,未知
3052,夆典,未知
3054,立萬利,未知
3055,蔚華科,未知
3056,富華新,未知
3057,喬鼎,未知
3058,立德,未知
3059,華晶科,未知
3060,銘異,未知
3062,建漢,未知
3090,日電貿,未知
3092,鴻碩,未知
3094,聯傑,未知
3130,一零四,未知
3138,耀登,未知
3149,正達,未知
3150,鈺寶-創,未知
3164,景岳,未知
3167,大量,未知
3168,眾福科,未知
3189,景碩,未知
3209,全科,未知
3229,晟鈦,未知
3231,緯創,未知
3257,虹冠電,未知
3266,昇陽,未知
3296,勝德,未知
3305,昇貿,未知
3308,聯德,未知
3311,閎暉,未知
3312,弘憶股,未知
3321,同泰,未知
3338,泰碩,未知
3346,麗清,未知
3356,奇偶,未知
3376,新日興,未知
3380,明泰,未知
3406,玉晶光,未知
3413,京鼎,未知
3416,融程電,未知
3419,譁裕,未知
3432,台端,未知
3437,榮創,未知
3443,創意,未知
3447,展達,未知
3450,聯鈞,未知
3454,晶睿,未知
3481,群創,未知
3494,誠研,未知
3501,維熹,未知
3504,揚明光,未知
3515,華擎,未知
3518,柏騰,未知
3528,安馳,未知
3530,晶相光,未知
3532,台勝科,未知
3533,嘉澤,未知
3535,晶彩科,未知
3543,州巧,未知
3545,敦泰,未知
3550,聯穎,未知
3557,嘉威,未知
3563,牧德,未知
3576,聯合再生,未知
3583,辛耘,未知
3588,通嘉,未知
3591,艾笛森,未知
3592,瑞鼎,未知
3593,力銘,未知
3596,智易,未知
3605,宏致,未知
3607,谷崧,未知
3617,碩天,未知
3622,洋華,未知
3645,達邁,未知
3652,精聯,未知
3653,健策,未知
3661,世芯-KY,未知
3665,貿聯-KY,未知
3669,圓展,未知
3673,TPK-KY,未知
3679,新至陞,未知
3686,達能,未知
3694,海華,未知
3701,大眾控,未知
3702,大聯大,未知
3703,欣陸,未知
3704,合勤控,未知
3705,永信,未知
3706,神達,未知
3708,上緯投控,未知
3711,日月光投控,未知
3712,永崴投控,未知
3714,富采,未知
3715,定穎投控,未知
3716,中化控股,未知
4104,佳醫,未知
4106,雃博,未知
4108,懷特,未知
4119,旭富,未知
4133,亞諾法,未知
4137,麗豐-KY,未知
4142,國光生,未知
4148,全宇生技-KY,未知
4155,訊映,未知
4164,承業醫,未知
4190,佐登-KY,未知
4306,炎洲,未知
4414,如興,未知
4426,利勤,未知
4438,廣越,未知
4439,冠星-KY,未知
4440,宜新實業,未知
4526,東台,未知
4532,瑞智,未知
4536,拓凱,未知
4540,全球傳動,未知
4545,銘鈺,未知
4551,智伸科,未知
4552,力達-KY,未知
4555,氣立,未知
4557,永新-KY,未知
4560,強信-KY,未知
4562,穎漢,未知
4564,元翎,未知
4566,時碩工業,未知
4569,六方科-KY,未知
4571,鈞興-KY,未知
4572,駐龍,未知
4576,大銀微系統,未知
4581,光隆精密-KY,未知
4583,台灣精銳,未知
4588,玖鼎電力,未知
4720,德淵,未知
4722,國精化,未知
4736,泰博,未知
4737,華廣,未知
4739,康普,未知
4746,台耀,未知
4755,三福化,未知
4763,材料-KY,未知
4764,雙鍵,未知
4766,南寶,未知
4770,上品,未知
4771,望隼,未知
4807,日成-KY,未知
4904,遠傳,未知
4906,正文,未知
4912,聯德控股-KY,未知
4915,致伸,未知
4916,事欣科,未知
4919,新唐,未知
4927,泰鼎-KY,未知
4930,燦星網,未知
4934,太極,未知
4935,茂林-KY,未知
4938,和碩,未知
4942,嘉彰,未知
4943,康控-KY,未知
4949,有成精密,未知
4952,凌通,未知
4956,光鋐,未知
4958,臻鼎-KY,未知
4960,誠美材,未知
4961,天鈺,未知
4967,十銓,未知
4968,立積,未知
4976,佳凌,未知
4977,眾達-KY,未知
4989,榮科,未知
4994,傳奇,未知
4999,鑫禾,未知
5007,三星,未知
5203,訊連,未知
5215,科嘉-KY,未知
5222,全訊,未知
5225,東科-KY,未知
5234,達興材料,未知
5243,乙盛-KY,未知
5244,弘凱,未知
5258,虹堡,未知
5269,祥碩,未知
5283,禾聯碩,未知
5284,jpp-KY,未知
5285,界霖,未知
5288,豐祥-KY,未知
5292,華懋,未知
5306,桂盟,未知
5388,中磊,未知
5434,崇越,未知
5469,瀚宇博,未知
5471,松翰,未知
5484,慧友,未知
5515,建國,未知
5519,隆大,未知
5521,工信,未知
5522,遠雄,未知
5525,順天,未知
5531,鄉林,未知
5533,皇鼎,未知
5534,長虹,未知
5538,東明-KY,未知
5546,永固-KY,未知
5607,遠雄港,未知
5608,四維航,未知
5706,鳳凰,未知
5871,中租-KY,未知
5871A,中租-KY甲特,未知
5876,上海商銀,未知
5880,合庫金,未知
5906,台南-KY,未知
5907,大洋-KY,未知
6005,群益證,未知
6024,群益期,未知
6108,競國,未知
6112,邁達特,未知
6115,鎰勝,未知
6116,彩晶,未知
6117,迎廣,未知
6120,達運,未知
6128,上福,未知
6133,金橋,未知
6136,富爾特,未知
6139,亞翔,未知
6141,柏承,未知
6142,友勁,未知
6152,百一,未知
6153,嘉聯益,未知
6155,鈞寶,未知
6164,華興,未知
6165,浪凡,未知
6166,凌華,未知
6168,宏齊,未知
6176,瑞儀,未知
6177,達麗,未知
6183,關貿,未知
6184,大豐電,未知
6189,豐藝,未知
6191,精成科,未知
6192,巨路,未知
6196,帆宣,未知
6197,佳必琪,未知
6201,亞弘電,未知
6202,盛群,未知
6205,詮欣,未知
6206,飛捷,未知
6209,今國光,未知
6213,聯茂,未知
6214,精誠,未知
6215,和椿,未知
6216,居易,未知
6224,聚鼎,未知
6225,天瀚,未知
6226,光鼎,未知
6230,尼得科超眾,未知
6235,華孚,未知
6239,力成,未知
6243,迅杰,未知
6257,矽格,未知
6269,台郡,未知
6271,同欣電,未知
6277,宏正,未知
6278,台表科,未知
6281,全國電,未知
6282,康舒,未知
6283,淳安,未知
6285,啟碁,未知
6288,聯嘉,未知
6405,悅城,未知
6409,旭隼,未知
6412,群電,未知
6414,樺漢,未知
6415,矽力*-KY,未知
6416,瑞祺電通,未知
6423,億而得-創,未知
6426,統新,未知
6431,光麗-KY,未知
6438,迅得,未知
6442,光聖,未知
6443,元晶,未知
6446,藥華藥,未知
6449,鈺邦,未知
6451,訊芯-KY,未知
6456,GIS-KY,未知
6464,台數科,未知
6472,保瑞,未知
6477,安集,未知
6491,晶碩,未知
6504,南六,未知
6505,台塑化,未知
6515,穎崴,未知
6525,捷敏-KY,未知
6526,達發,未知
6531,愛普*,未知
6533,晶心科,未知
6534,正瀚-創,未知
6541,泰福-KY,未知
6550,北極星藥業-KY,未知
6552,易華電,未知
6558,興能高,未知
6573,虹揚-KY,未知
6579,研揚,未知
6581,鋼聯,未知
6582,申豐,未知
6585,鼎基,未知
6591,動力-KY,未知
6592,和潤企業,未知
6592A,和潤企業甲特,未知
6592B,和潤企業乙特,未知
6598,ABC-KY,未知
6605,帝寶,未知
6606,建德工業,未知
6625,必應,未知
6641,基士德-KY,未知
6645,金萬林-創,未知
6655,科定,未知
6657,華安,未知
6658,聯策,未知
6666,羅麗芬-KY,未知
6668,中揚光,未知
6669,緯穎,未知
6670,復盛應用,未知
6671,三能-KY,未知
6672,騰輝電子-KY,未知
6674,鋐寶科技,未知
6689,伊雲谷,未知
6691,洋基工程,未知
6695,芯鼎,未知
6698,旭暉應材,未知
6706,惠特,未知
6715,嘉基,未知
6719,力智,未知
6742,澤米,未知
6743,安普新,未知
6753,龍德造船,未知
6754,匯僑設計,未知
6756,威鋒電子,未知
6757,台灣虎航,未知
6768,志強-KY,未知
6770,力積電,未知
6771,平和環保-創,未知
6776,展碁國際,未知
6781,AES-KY,未知
6782,視陽,未知
6789,采鈺,未知
6790,永豐實,未知
6792,詠業,未知
6794,向榮生技-創,未知
6796,晉弘,未知
6799,來頡,未知
6805,富世達,未知
6806,森崴能源,未知
6807,峰源-KY,未知
6830,汎銓,未知
6834,天二科技,未知
6835,圓裕,未知
6838,台新藥,未知
6854,錼創科技-KY創,未知
6861,睿生光電,未知
6862,三集瑞-KY,未知
6863,永道-KY,未知
6869,雲豹能源,未知
6873,泓德能源,未知
6885,全福生技,未知
6890,來億-KY,未知
6901,鑽石投資,未知
6902,GOGOLOOK-創,未知
6906,現觀科,未知
6914,阜爾運通,未知
6916,華凌,未知
6919,康霈*,未知
6923,中台,未知
6924,榮惠-KY創,未知
6928,攸泰科技,未知
6931,青松健康,未知
6933,AMAX-KY,未知
6937,天虹,未知
6949,沛爾生醫-創,未知
6951,青新-創,未知
6952,大武山,未知
6955,邦睿生技-創,未知
6957,裕慶-KY,未知
6958,日盛台駿,未知
6962,ITH-KY,未知
6969,成信實業*-創,未知
6988,威力暘-創,未知
6994,富威電力,未知
7705,三商餐飲,未知
7722,LINEPAY,未知
7732,金興精密,未知
8011,台通,未知
8016,矽創,未知
8021,尖點,未知
8028,昇陽半導體,未知
8033,雷虎,未知
8039,台虹,未知
8045,達運光電,未知
8046,南電,未知
8070,長華*,未知
8072,陞泰,未知
8081,致新,未知
8101,華冠,未知
8103,瀚荃,未知
8104,錸寶,未知
8105,凌巨,未知
8110,華東,未知
8112,至上,未知
8112A,至上甲特,未知
8114,振樺電,未知
8131,福懋科,未知
8150,南茂,未知
8162,微矽電子-創,未知
8163,達方,未知
8201,無敵,未知
8210,勤誠,未知
8213,志超,未知
8215,明基材,未知
8222,寶一,未知
8249,菱光,未知
8261,富鼎,未知
8271,宇瞻,未知
8341,日友,未知
8367,建新國際,未知
8374,羅昇,未知
8404,百和興業-KY,未知
8411,福貞-KY,未知
8422,可寧衛,未知
8429,金麗-KY,未知
8438,昶昕,未知
8442,威宏-KY,未知
8443,阿瘦,未知
8454,富邦媒,未知
8462,柏文,未知
8463,潤泰材,未知
8464,億豐,未知
8466,美吉吉-KY,未知
8467,波力-KY,未知
8473,山林水,未知
8476,台境*,未知
8478,東哥遊艇,未知
8481,政伸,未知
8482,商億-KY,未知
8487,愛爾達-創,未知
8488,吉源-KY,未知
8499,鼎炫-KY,未知
8926,台汽電,未知
8940,新天地,未知
8996,高力,未知
9103,美德醫療-DR,未知
910322,康師傅-DR,未知
9105,泰金寶-DR,未知
910861,神州-DR,未知
9110,越南控-DR,未知
911608,明輝-DR,未知
911622,泰聚亨-DR,未知
911868,同方友友-DR,未知
912000,晨訊科-DR,未知
9136,巨騰-DR,未知
9802,鈺齊-KY,未知
9902,台火,未知
9904,寶成,未知
9905,大華,未知
9906,欣巴巴,未知
9907,統一實,未知
9908,大台北,未知
9910,豐泰,未知
9911,櫻花,未知
9912,偉聯,未知
9914,美利達,未知
9917,中保科,未知
9918,欣天然,未知
9919,康那香,未知
9921,巨大,未知
9924,福興,未知
9925,新保,未知
9926,新海,未知
9927,泰銘,未知
9928,中視,未知
9929,秋雨,未知
9930,中聯資源,未知
9931,欣高,未知
9933,中鼎,未知
9934,成霖,未知
9935,慶豐富,未知
9937,全國,未知
9938,百和,未知
9939,宏全,未知
9940,信義,未知
9941,裕融,未知
9941A,裕融甲特,未知
9942,茂順,未知
9943,好樂迪,未知
9944,新麗,未知
9945,潤泰新,未知
9946,三發地產,未知
9955,佳龍,未知
9958,世紀鋼,未知
